N,K,cpu_t1,cpu_t2,cpu_t3,cpu_t4,cpu_t5,gpu_t1,gpu_t2,gpu_t3,gpu_t4,gpu_t5,gpu_t1_shared,gpu_t2_shared,gpu_t3_shared,gpu_t4_shared,gpu_t5_shared,cpu_th1,cpu_th2,cpu_th3,cpu_th4,cpu_th5,gpu_th1,gpu_th2,gpu_th3,gpu_th4,gpu_th5,gpu_th1_shared,gpu_th2_shared,gpu_th3_shared,gpu_th4_shared,gpu_th5_shared
131072,1000,0.487686,0.490196,0.466416,0.483204,0.573137,0.014305,0.005054,0.007008,0.006128,0.005273,0.002326,0.002314,0.002312,0.002293,0.002436,266445779.263380,265081503.593584,278596373.631174,268917398.537905,226720408.173575,9083987101.584330,25713039630.186222,18541539405.704262,21206135522.846832,24641607348.889423,55861472560.454773,56154602065.326385,56206688402.128990,56661205706.726196,53339033107.231438
262144,1000,0.840243,0.829003,0.835526,0.811308,0.819431,0.007668,0.006018,0.005901,0.005580,0.005653,0.003200,0.003164,0.003183,0.003148,0.003175,310484892.143248,314694664.286869,312237707.606896,321558228.301454,318370701.042781,34020826417.699055,43348638910.142036,44207327147.256477,46752126120.840057,46148685021.214600,81527395329.933456,82447114934.023468,81959734650.375809,82876170184.333054,82162497369.886719
524288,1000,1.427859,1.448206,1.414507,1.319847,1.328119,0.007402,0.007379,0.007201,0.006896,0.006781,0.004743,0.004727,0.004703,0.004753,0.004725,366117884.151523,360973943.022299,369573897.532103,396079808.017445,393612926.285904,70624698748.398819,70844581444.319763,72593980697.285934,75806595800.277969,77093281915.187561,110226033276.044891,110602905490.667358,111159938170.614105,109980216681.888672,110649127014.032181
1048576,1000,2.182832,2.250153,2.101687,2.041479,2.148168,0.012990,0.009642,0.009846,0.009734,0.009859,0.007581,0.007605,0.007628,0.007592,0.007641,479436028.348774,465092142.279359,497946749.403474,512632427.399413,487172448.173253,80567063170.833588,108535551155.911942,106285958910.750916,107514941885.224976,106149662802.929230,138051435106.486694,137616382129.217590,137192897581.308746,137837754086.749664,136970718732.007050
2097152,1000,4.093575,3.975074,4.177392,4.463383,3.996769,0.014431,0.023994,0.014951,0.014705,0.015094,0.013228,0.013225,0.013207,0.013223,0.013221,511546980.452532,526796731.376206,501283104.308586,469163335.871058,523937155.240062,145109664889.764435,87272661231.096237,140059149760.278015,142403530416.938293,138729789801.202484,158306494505.513611,158336721979.806519,158556894715.331848,158362148079.802643,158390349374.084412
