N,K,cpu_t1,cpu_t2,cpu_t3,cpu_t4,cpu_t5,gpu_t1,gpu_t2,gpu_t3,gpu_t4,gpu_t5,gpu_t1_shared,gpu_t2_shared,gpu_t3_shared,gpu_t4_shared,gpu_t5_shared,cpu_th1,cpu_th2,cpu_th3,cpu_th4,cpu_th5,gpu_th1,gpu_th2,gpu_th3,gpu_th4,gpu_th5,gpu_th1_shared,gpu_th2_shared,gpu_th3_shared,gpu_th4_shared,gpu_th5_shared
131072,1000,0.473418,0.460158,0.474434,0.472789,0.467303,0.013550,0.005093,0.004829,0.005554,0.004964,0.002324,0.002283,0.002323,0.002285,0.002295,274475992.249523,282385386.465742,273888293.622895,274841016.102528,278067685.285958,9589748698.118820,25512161081.177235,26908235089.706440,23397255696.381977,26178651267.545074,55903327090.121712,56919994208.950348,55933211952.406319,56864329960.290146,56614625145.943817
262144,1000,0.784681,0.822959,0.796467,0.778144,0.804323,0.006311,0.005702,0.005760,0.005900,0.005679,0.003233,0.003201,0.003140,0.003182,0.003168,332469985.481334,317005731.356789,327550243.539429,335263077.045117,324350669.424893,41340000220.154083,45751963366.487999,45291367260.490692,44217710749.245720,45937680708.612587,80699580673.346100,81505085222.422897,83080455153.243073,81988353207.938248,82336753631.180344
524288,1000,1.390912,1.450719,1.366281,1.373772,1.392408,0.007508,0.007154,0.008144,0.007691,0.007516,0.004717,0.004719,0.004733,0.004693,0.004705,375843208.539908,360348820.038916,382618615.317358,380532271.086367,375439446.743040,69626142762.534866,73068010076.920532,64191677582.085419,67967707310.375900,69550138122.292694,110836085235.514679,110781518764.527435,110456701190.614258,111394734492.820038,111116247408.509781
1048576,1000,2.443909,2.233707,2.139170,2.230346,2.166360,0.009901,0.009860,0.010066,0.010320,0.009882,0.007617,0.007616,0.007626,0.007608,0.007607,428219069.082160,468516469.713572,489221611.707314,469222411.010256,483081423.671642,105697021157.636887,106137150140.497238,103968852761.340820,101405003027.717270,105901271224.038498,137394300552.468872,137412941705.115067,137239427844.488068,137553892564.699524,137581243188.803650
2097152,1000,4.135409,4.139769,4.220073,4.127303,4.303113,0.015532,0.015136,0.014883,0.014706,0.014709,0.013174,0.013206,0.013245,0.013174,0.013192,506372088.860195,505838785.601131,496213219.248088,507366603.686994,486637392.154697,134817702150.486557,138345259087.295013,140697939879.826721,142397262560.055145,142362645974.083740,158955604332.673706,158567170755.435181,158099893775.491943,158953660296.459900,158732995769.183594
