N,K,cpu_t1,cpu_t2,cpu_t3,cpu_t4,cpu_t5,gpu_t1,gpu_t2,gpu_t3,gpu_t4,gpu_t5,gpu_t1_shared,gpu_t2_shared,gpu_t3_shared,gpu_t4_shared,gpu_t5_shared,cpu_th1,cpu_th2,cpu_th3,cpu_th4,cpu_th5,gpu_th1,gpu_th2,gpu_th3,gpu_th4,gpu_th5,gpu_th1_shared,gpu_th2_shared,gpu_th3_shared,gpu_th4_shared,gpu_th5_shared
131072,2000,0.987663,0.888299,0.974927,0.853990,0.887287,0.006999,0.007083,0.007197,0.007360,0.007092,0.004580,0.004551,0.004523,0.004522,0.004501,261237758.772494,290459526.318893,264650528.381925,302128805.802332,290790697.562714,36866168126.503731,36424826343.643242,35849631779.033218,35056665867.985413,36381606136.455627,56341055122.384918,56696908221.111626,57045430697.579567,57057308568.386383,57319540922.557396
262144,2000,1.537182,1.541913,1.537558,1.624757,1.683559,0.008680,0.008485,0.008856,0.008605,0.008593,0.006209,0.006289,0.006243,0.006241,0.006207,338299454.901965,337261374.077273,338216719.566218,320065056.604468,308885991.081197,59913936341.484123,61284532003.466431,58719532249.959389,60431309245.246101,60517981135.780334,83757236621.545593,82690425793.880737,83294199259.665070,83325752552.801727,83776966306.245361
524288,2000,2.823815,2.738987,2.764467,2.659404,2.685917,0.011717,0.012585,0.011510,0.011168,0.011402,0.009362,0.009430,0.009356,0.009435,0.009459,369731649.140598,381182480.630743,377669117.049027,392589326.496221,388714034.540825,89109462855.781509,82962634987.647537,90709245718.139984,93485991398.614258,91565259309.331146,111523493406.704224,110720244570.190826,111591805589.529007,110662503420.615143,110374177070.510040
1048576,2000,5.136546,5.056023,5.363484,5.336375,5.053290,0.017493,0.016956,0.016919,0.016554,0.016846,0.015117,0.015229,0.015215,0.015159,0.015217,407298108.741550,413784758.316151,390064641.432705,392046171.872545,414008557.175346,119599453139.146210,123380908888.196411,123657664985.537277,126377812246.641525,124186650832.480392,138390278097.619965,137376425395.824554,137498977821.159271,138007502007.315460,137484503499.127777
2097152,2000,8.860253,8.820955,8.569751,8.835098,8.973343,0.026350,0.026570,0.026441,0.037372,0.027134,0.026268,0.026248,0.026198,0.026238,0.026361,472696281.902637,474802201.803932,488720038.663933,474042153.102172,466738954.970952,158943594260.755859,157629206092.862427,158399823058.764557,112067642467.536285,154352222340.007660,159438750121.300079,159565336415.710663,159870269822.287506,159622602679.637756,158876914971.823669
