N,K,cpu_t1,cpu_t2,cpu_t3,cpu_t4,cpu_t5,gpu_t1,gpu_t2,gpu_t3,gpu_t4,gpu_t5,gpu_t1_shared,gpu_t2_shared,gpu_t3_shared,gpu_t4_shared,gpu_t5_shared,cpu_th1,cpu_th2,cpu_th3,cpu_th4,cpu_th5,gpu_th1,gpu_th2,gpu_th3,gpu_th4,gpu_th5,gpu_th1_shared,gpu_th2_shared,gpu_th3_shared,gpu_th4_shared,gpu_th5_shared
131072,1000,0.505438,0.557469,0.505314,0.475398,0.429980,0.013097,0.005144,0.006511,0.004829,0.004814,0.002259,0.002299,0.002279,0.002274,0.002303,257087906.340834,233092459.492640,257150988.950405,273333098.480093,302204651.051009,9921548164.556396,25259045234.363331,19956488459.495094,26909485805.053436,26994512988.851868,57525195514.714905,56528838216.783157,57019157698.514168,57135461497.979279,56431428451.453857
262144,1000,0.769906,0.766133,0.752991,0.794971,0.805189,0.005655,0.005699,0.005723,0.005758,0.005561,0.003123,0.003190,0.003184,0.003157,0.003140,338850109.047058,340518892.066744,346462032.357796,328166686.844823,324002126.635008,46132002919.846268,45780014163.091606,45582386175.451042,45307413842.944145,46912753064.973488,83543007999.153397,81789098698.251282,81944042510.545181,82625798791.136520,83082685192.767853
524288,1000,1.354669,1.314706,1.328199,1.337025,1.248111,0.007709,0.007242,0.007324,0.007548,0.007458,0.004699,0.004734,0.004755,0.004714,0.004735,385898614.533829,397628700.318347,393589014.633307,390991100.215382,418844756.254130,67811610479.871735,72188530507.165771,71379260624.319824,69259045892.565918,70092482175.225815,111259032456.801453,110431102212.306519,109947353816.300873,110895601932.239777,110404494464.518372
1048576,1000,2.096384,2.320499,2.048667,2.192571,2.434352,0.009809,0.009730,0.009998,0.009801,0.009815,0.007577,0.007641,0.007650,0.007636,0.007623,499206531.490175,450992890.952829,510833810.903252,477306495.691639,429900244.823290,106689707152.303986,107561546544.397308,104669694373.482513,106774224888.047821,106623814026.504517,138110040503.619293,136965693511.391205,136803548640.330597,137044235935.524933,137290988110.739868
2097152,1000,4.229472,4.299219,4.014520,4.220380,5.159242,0.014686,0.014594,0.014685,0.015727,0.014697,0.013238,0.013200,0.013171,0.013219,0.013258,495110517.437927,487078190.100823,521620451.981983,496177072.574529,405884381.178213,142589476482.522675,143490459872.303680,142601938087.780396,133146660228.818573,142480232324.812531,158182739740.979645,158638239345.952209,158988317344.541901,158408359726.636139,157951564276.042419
