N,K,cpu_t1,cpu_t2,cpu_t3,cpu_t4,cpu_t5,gpu_t1,gpu_t2,gpu_t3,gpu_t4,gpu_t5,gpu_t1_shared,gpu_t2_shared,gpu_t3_shared,gpu_t4_shared,gpu_t5_shared,cpu_th1,cpu_th2,cpu_th3,cpu_th4,cpu_th5,gpu_th1,gpu_th2,gpu_th3,gpu_th4,gpu_th5,gpu_th1_shared,gpu_th2_shared,gpu_th3_shared,gpu_th4_shared,gpu_th5_shared
131072,4000,1.971959,2.098486,2.021593,2.098759,2.212023,0.011377,0.011520,0.011055,0.013483,0.012078,0.009025,0.008963,0.009015,0.008961,0.008860,257693413.952637,242156017.008065,251366530.439476,242124454.555994,229726743.547004,44667511502.648811,44109347388.946060,45967700643.044998,37688678570.465431,42074120198.585365,56304066316.265564,56696734731.934830,56366887561.062149,56705667428.385857,57357180828.309479
262144,4000,3.508466,3.466961,3.567127,3.382693,3.185267,0.015841,0.015509,0.015125,0.018189,0.014430,0.012385,0.012590,0.012465,0.012645,0.012386,294236207.277462,297758711.253830,289397527.370108,305176333.515101,324091432.879774,65165920790.441307,66560893801.210541,68254662786.523682,56756618690.260544,71540784118.328247,83354757724.574493,81995037113.762711,82820382070.768661,81639985315.771301,83344914573.954269
524288,4000,5.578673,5.468751,5.418037,5.461620,5.868352,0.020868,0.020505,0.020319,0.020239,0.020672,0.018827,0.018748,0.018686,0.018811,0.018809,372961781.854460,380458284.118566,384019455.432595,380955069.763481,354551291.256529,99706266858.560532,101470366538.476685,102399524919.351028,102802564900.339706,100649833159.237595,110513078981.076721,110977496378.868500,111345761494.408646,110608964839.153168,110619800718.752625
1048576,4000,9.979467,9.679094,9.954324,10.291060,10.440294,0.030308,0.061017,0.030360,0.036977,0.029980,0.030136,0.030153,0.030193,0.030471,0.030149,418585436.825039,431575441.143056,419642683.697282,405911499.709052,400109362.329351,137828298689.037323,68460460076.627411,137591161413.749512,112969598092.397736,139335010883.079041,138615523027.257874,138535386759.125854,138352934160.301392,137088822861.134720,138555410533.303070
2097152,4000,17.544061,18.479970,18.266636,16.959522,17.301540,0.050547,0.050221,0.049338,0.049578,0.050165,0.052838,0.052516,0.052505,0.052459,0.052633,477113883.303336,452950671.140350,458240636.731465,493558414.277966,483801708.567486,165599418100.982544,166673158097.760803,169658034410.074829,168834285491.588776,166860674923.829865,158417244664.320099,159389614511.906097,159424318872.740753,159563740820.624115,159035765123.102386
